74.125.226.28,['192.168.1.100']
74.125.226.26,['192.168.1.100']
74.125.226.25,['192.168.1.100']
74.125.228.7,['192.168.1.100']
74.125.22.95,['192.168.1.100']
192.168.1.100,"['192.168.1.1', '74.125.226.26', '74.125.226.2', '74.125.226.14', '74.125.226.0', '239.255.255.250', '173.194.33.56', '74.125.228.17', '74.125.22.95', '74.125.226.7', '74.125.226.4', '74.125.226.5', '74.125.226.1', '74.125.226.11', '74.125.226.25', '74.125.172.242', '74.125.228.7', '74.125.226.28', '74.125.174.38']"
192.168.1.101,['192.168.1.1']
74.125.226.11,['192.168.1.100']
74.125.226.31,['192.168.1.101']
74.125.226.14,['192.168.1.100']
173.194.76.189,['192.168.1.101']
192.168.1.1,"['192.168.1.100', '239.255.255.250', '192.168.1.101']"
74.125.226.7,['192.168.1.100']
74.125.226.5,['192.168.1.100']
74.125.226.4,['192.168.1.100']
74.125.226.2,['192.168.1.100']
74.125.226.1,['192.168.1.100']
74.125.226.0,['192.168.1.100']
74.125.228.19,['192.168.1.101']
74.125.228.17,['192.168.1.100']
74.125.174.38,['192.168.1.100']
173.194.33.56,['192.168.1.100']
173.192.82.196,['192.168.1.101']
74.125.172.242,['192.168.1.100']
